<?xml version="1.0" encoding="UTF-8"?><?xml-stylesheet type='text/xsl' href='_UpgradeReport_Files/UpgradeReport.xslt'?><UpgradeLog>
<Properties><Property Name="Solution" Value="TC3_MachineTypeA">
</Property><Property Name="Solution File" Value="C:\tmp\MesseProjekte\TC3_MachineTypeA\TC3_MachineTypeA\TC3_MachineTypeA.sln">
</Property><Property Name="Date" Value="Montag, 12. November 2012">
</Property><Property Name="Time" Value="10:45">
</Property></Properties><Event ErrorLevel="3" Project="C:\tmp\MesseProjekte\TC3_MachineTypeA\TC3_MachineTypeA\TC3_IEC_MC2_Sample\TC3_MachineTypeA.tsp" Source="TC3_IEC_MC2_Sample\TC3_MachineTypeA.tsp" Description="Converted">
</Event><Event ErrorLevel="0" Project="" Source="TC3_MachineTypeA.sln" Description="The solution file does not require conversion.">
</Event><Event ErrorLevel="3" Project="" Source="TC3_MachineTypeA.sln" Description="No Conversion Required">
</Event></UpgradeLog>