﻿<?xml version="1.0"?>
<TctGeneratedModules><ModuleInfo CLSID="{8f5fdcff-ee4b-4ee5-80b1-25eb23bd1b45}"><DefaultValues><Value><Name>ExecutionSequence</Name><EnumText>StateUpdateAfterOutputMapping</EnumText></Value><Value><Name>StepSize</Name><EnumText>UseTaskCycleTime</EnumText></Value><Value><Name>ExtModeParameters.ConnectionTimeout</Name><Value>3.000000e+00</Value></Value><Value><Name>ExtModeParameters.InitIncomingPktBufferSize</Name><Value>#x2710</Value></Value><Value><Name>ExtModeParameters.InitOutgoingPktBufferSize</Name><Value>#x2710</Value></Value><Value><Name>ExtModeParameters.Activated</Name><Value>#x1</Value></Value><Value><Name>ExtModeParameters.AllowExecutionCommands</Name><Value>#x1</Value></Value><Value><Name>ExtModeParameters.AllowParameterChange</Name><Value>#x1</Value></Value><Value><Name>ModuleInfo.ClassId</Name><GUID>{8f5fdcff-ee4b-4ee5-80b1-25eb23bd1b45}</GUID></Value><Value><Name>ModuleInfo.BuildTimeStamp</Name><Value>#x524acb7b</Value></Value><Value><Name>ModuleInfo.ModelCheckSum[0]</Name><Value>#xc8051e36</Value></Value><Value><Name>ModuleInfo.ModelCheckSum[1]</Name><Value>#xde612db1</Value></Value><Value><Name>ModuleInfo.ModelCheckSum[2]</Name><Value>#x5eaf542b</Value></Value><Value><Name>ModuleInfo.TwinCatVersion[0]</Name><Value>#x3</Value></Value><Value><Name>ModuleInfo.TwinCatVersion[1]</Name><Value>#x1</Value></Value><Value><Name>ModuleInfo.TwinCatVersion[2]</Name><Value>#xfab</Value></Value><Value><Name>ModuleInfo.TcTargetVersion[0]</Name><Value>#x1</Value></Value><Value><Name>ModuleInfo.TcTargetVersion[1]</Name><Value>#x1</Value></Value><Value><Name>ModuleInfo.TcTargetVersion[2]</Name><Value>#x451</Value></Value><Value><Name>ModuleInfo.MatlabVersion[0]</Name><Value>#x8</Value></Value><Value><Name>ModuleInfo.MatlabVersion[1]</Name><Value>#x1</Value></Value><Value><Name>ModuleInfo.SimulinkVersion[0]</Name><Value>#x8</Value></Value><Value><Name>ModuleInfo.SimulinkVersion[1]</Name><Value>#x1</Value></Value><Value><Name>ModuleInfo.CoderVersion[0]</Name><Value>#x8</Value></Value><Value><Name>ModuleInfo.CoderVersion[1]</Name><Value>#x4</Value></Value><Value><Name>ModuleInfo.TcTargetLicenseId</Name><GUID>{73c71ebd-104a-4ee6-955d-ade86a37efc3}</GUID></Value><Value><Name>ModelParameters.scale_Gain</Name><Value>2.441481e-03</Value></Value><Value><Name>ModelParameters.TransferFcn_A</Name><Value>-2.000000e+00</Value></Value><Value><Name>ModelParameters.TransferFcn_C</Name><Value>2.000000e+00</Value></Value><Value><Name>ModelParameters.InternalSetpoint_Value</Name><Value>3.800000e+01</Value></Value><Value><Name>ModelParameters.TransferFcn_A_k</Name><Value>-1.000000e+01</Value></Value><Value><Name>ModelParameters.TransferFcn_C_a</Name><Value>1.000000e+01</Value></Value><Value><Name>ModelParameters.scale_Gain_j</Name><Value>1.000000e-01</Value></Value><Value><Name>ModelParameters.ProportionalGain_Gain</Name><Value>5.000000e+01</Value></Value><Value><Name>ModelParameters.DerivativeGain_Gain</Name><Value>1.000000e+00</Value></Value><Value><Name>ModelParameters.FilterCoefficient_Gain</Name><Value>1.000000e+02</Value></Value><Value><Name>ModelParameters.Saturation_UpperSat</Name><Value>6.000000e+01</Value></Value><Value><Name>ModelParameters.Constant_Value</Name><Value>1.000000e-01</Value></Value><Value><Name>ModelParameters.LookUpTable1_XData[1]</Name><Value>1.000000e-01</Value></Value><Value><Name>ModelParameters.LookUpTable1_YData[1]</Name><Value>6.000000e+01</Value></Value><Value><Name>ModelParameters.DeadZone_End</Name><Value>6.000000e+01</Value></Value><Value><Name>ModelParameters.IntegralGain_Gain</Name><Value>5.000000e-03</Value></Value><Value><Name>ModelParameters.PulseGenerator_Amp</Name><Value>1.000000e+00</Value></Value><Value><Name>ModelParameters.PulseGenerator_Period</Name><Value>1.200000e+04</Value></Value><Value><Name>ModelParameters.PulseGenerator_Duty</Name><Value>6.000000e+03</Value></Value></DefaultValues><BlockDiagram><Name>TempContr</Name><Identifier>&lt;Root&gt;</Identifier><Type>root</Type><Position x="0.0" y="0.0" w="0.0" h="0.0"/><Block><Name>External.Setpoint</Name><Identifier>&lt;Root&gt;/External.Setpoint</Identifier><Type InstanceNo="1">Inport</Type><Position x="20.0" y="58.0" w="30.0" h="14.0"/><Port><Type No="1">Outport</Type><Position x="55.0" y="65.0"/><IsConnected>1</IsConnected><Line><Point x="55.0" y="65.0"/><Point x="85.0" y="65.0"/></Line></Port></Block><Block><Name>FeedbackTemp</Name><Identifier>&lt;Root&gt;/FeedbackTemp</Identifier><Type InstanceNo="2">Inport</Type><Position x="20.0" y="228.0" w="30.0" h="14.0"/><Port><Type No="1">Outport</Type><Position x="55.0" y="235.0"/><IsConnected>1</IsConnected><Line><Point x="55.0" y="235.0"/><Point x="85.0" y="235.0"/></Line></Port></Block><Block><Name>Internal
Setpoint</Name><Identifier>&lt;Root&gt;/Internal Setpoint</Identifier><Type>Constant</Type><Position x="20.0" y="110.0" w="30.0" h="30.0"/><Parameter Name="Value" Category="Parameters" ReadOnly="TRUE"><Type GUID="{18071995-0000-0000-0000-00000000000E}">LREAL</Type><GlobalName>ModelParameters.InternalSetpoint_Value</GlobalName><AdsIdxOffs>#xae000018</AdsIdxOffs></Parameter><Port><Type No="1">Outport</Type><Position x="55.0" y="125.0"/><IsConnected>1</IsConnected><Line><Point x="55.0" y="125.0"/><Point x="230.0" y="125.0"/></Line></Port></Block><Block><Name>PID
Controller</Name><Identifier>&lt;S1&gt;</Identifier><Type>SubSystem</Type><Position x="380.0" y="75.0" w="65.0" h="40.0"/><Mask>PID 1dof</Mask><Block><Name>u</Name><Identifier>&lt;S1&gt;/u</Identifier><Type InstanceNo="1">Inport</Type><Position x="25.0" y="115.0" w="20.0" h="20.0"/><Port><Type No="1">Outport</Type><Position x="50.0" y="125.0"/><IsConnected>1</IsConnected><Line><Point x="50.0" y="125.0"/><Point x="50.0" y="125.0"/><Line><Point x="50.0" y="125.0"/><Point x="70.0" y="125.0"/><Point x="70.0" y="35.0"/><Point x="100.0" y="35.0"/></Line><Line><Point x="50.0" y="125.0"/><Point x="70.0" y="125.0"/><Point x="70.0" y="230.0"/><Point x="100.0" y="230.0"/></Line><Line><Point x="50.0" y="125.0"/><Point x="100.0" y="125.0"/></Line></Line></Port></Block><Block><Name>Clamping circuit</Name><Identifier>&lt;S5&gt;</Identifier><Type>SubSystem</Type><Position x="165.0" y="161.0" w="80.0" h="38.0"/><Block><Name>preSat</Name><Identifier>&lt;S5&gt;/preSat</Identifier><Type InstanceNo="1">Inport</Type><Position x="665.0" y="48.0" w="30.0" h="14.0"/><Port><Type No="1">Outport</Type><Position x="660.0" y="55.0"/><Rotation>3.142</Rotation><IsConnected>1</IsConnected><Line><Point x="660.0" y="55.0"/><Point x="660.0" y="55.0"/><Line><Point x="660.0" y="55.0"/><Point x="575.0" y="55.0"/><Point x="575.0" y="95.0"/><Point x="475.0" y="95.0"/></Line><Line><Point x="660.0" y="55.0"/><Point x="575.0" y="55.0"/><Point x="575.0" y="165.0"/><Point x="475.0" y="165.0"/></Line><Line><Point x="660.0" y="55.0"/><Point x="360.0" y="55.0"/></Line></Line></Port></Block><Block><Name>preIntegrator</Name><Identifier>&lt;S5&gt;/preIntegrator</Identifier><Type InstanceNo="2">Inport</Type><Position x="665.0" y="218.0" w="30.0" h="14.0"/><Port><Type No="1">Outport</Type><Position x="660.0" y="225.0"/><Rotation>3.142</Rotation><IsConnected>1</IsConnected><Line><Point x="660.0" y="225.0"/><Point x="600.0" y="225.0"/></Line></Port></Block><Block><Name>AND</Name><Identifier>&lt;S5&gt;/AND</Identifier><Type>Logic</Type><Position x="175.0" y="115.0" w="30.0" h="60.0"/><Port><Type No="1">Inport</Type><Position x="220.0" y="130.0"/><Rotation>3.142</Rotation><IsConnected>1</IsConnected><Source BlockIdentifier="&lt;S5&gt;/NotEqual" PortType="Outport" PortNo="1"/><Signal Name="NotEqual" Category="BlockIO" ReadOnly="TRUE"><Type GUID="{18071995-0000-0000-0000-000000000030}">BOOL</Type><GlobalName>BlockIO.NotEqual</GlobalName><AdsIdxOffs>#x950000d9</AdsIdxOffs></Signal></Port><Port><Type No="2">Inport</Type><Position x="220.0" y="160.0"/><Rotation>3.142</Rotation><IsConnected>1</IsConnected><Source BlockIdentifier="&lt;S5&gt;/Equal" PortType="Outport" PortNo="1"/><Signal Name="Equal" Category="BlockIO" ReadOnly="TRUE"><Type GUID="{18071995-0000-0000-0000-000000000030}">BOOL</Type><GlobalName>BlockIO.Equal</GlobalName><AdsIdxOffs>#x950000da</AdsIdxOffs></Signal></Port><Port><Type No="1">Outport</Type><Position x="170.0" y="145.0"/><Rotation>3.142</Rotation><IsConnected>1</IsConnected><Line><Point x="170.0" y="145.0"/><Point x="155.0" y="145.0"/></Line><Signal Name="AND" Category="BlockIO" ReadOnly="TRUE"><Type GUID="{18071995-0000-0000-0000-000000000030}">BOOL</Type><GlobalName>BlockIO.AND</GlobalName><AdsIdxOffs>#x950000db</AdsIdxOffs></Signal></Port></Block><Block><Name>DataTypeConv2</Name><Identifier>&lt;S5&gt;/DataTypeConv2</Identifier><Type>DataTypeConversion</Type><Position x="555.0" y="210.0" w="40.0" h="30.0"/><Port><Type No="1">Inport</Type><Position x="610.0" y="225.0"/><Rotation>3.142</Rotation><IsConnected>1</IsConnected><Source BlockIdentifier="&lt;S5&gt;/preIntegrator" PortType="Outport" PortNo="1"/></Port><Port><Type No="1">Outport</Type><Position x="550.0" y="225.0"/><Rotation>3.142</Rotation><IsConnected>1</IsConnected><Line><Point x="550.0" y="225.0"/><Point x="355.0" y="225.0"/></Line></Port></Block><Block><Name>DeadZone</Name><Identifier>&lt;S5&gt;/DeadZone</Identifier><Type>DeadZone</Type><Position x="440.0" y="150.0" w="30.0" h="30.0"/><Parameter Name="LowerValue" Category="Parameters" ReadOnly="TRUE"><Type GUID="{18071995-0000-0000-0000-00000000000E}">LREAL</Type><GlobalName>ModelParameters.DeadZone_Start</GlobalName><AdsIdxOffs>#xae0000a0</AdsIdxOffs></Parameter><Parameter Name="UpperValue" Category="Parameters" ReadOnly="TRUE"><Type GUID="{18071995-0000-0000-0000-00000000000E}">LREAL</Type><GlobalName>ModelParameters.DeadZone_End</GlobalName><AdsIdxOffs>#xae0000a8</AdsIdxOffs></Parameter><Port><Type No="1">Inport</Type><Position x="485.0" y="165.0"/><Rotation>3.142</Rotation><IsConnected>1</IsConnected><Source BlockIdentifier="&lt;S5&gt;/preSat" PortType="Outport" PortNo="1"/></Port><Port><Type No="1">Outport</Type><Position x="435.0" y="165.0"/><Rotation>3.142</Rotation><IsConnected>1</IsConnected><Line><Point x="435.0" y="165.0"/><Point x="410.0" y="165.0"/><Point x="410.0" y="135.0"/><Point x="370.0" y="135.0"/></Line><Signal Name="DeadZone" Category="BlockIO" ReadOnly="TRUE"><Type GUID="{18071995-0000-0000-0000-00000000000E}">LREAL</Type><GlobalName>BlockIO.DeadZone</GlobalName><AdsIdxOffs>#x95000090</AdsIdxOffs></Signal></Port></Block><Block><Name>Equal</Name><Identifier>&lt;S5&gt;/Equal</Identifier><Type>RelationalOperator</Type><Position x="225.0" y="151.0" w="25.0" h="18.0"/><Port><Type No="1">Inport</Type><Position x="265.0" y="155.0"/><Rotation>3.142</Rotation><IsConnected>1</IsConnected><Source BlockIdentifier="&lt;S5&gt;/SignPreSat" PortType="Outport" PortNo="1"/><Signal Name="SignPreSat" Category="BlockIO" ReadOnly="TRUE"><Type GUID="{18071995-0000-0000-0000-00000000000E}">LREAL</Type><GlobalName>BlockIO.SignPreSat</GlobalName><AdsIdxOffs>#x95000098</AdsIdxOffs></Signal></Port><Port><Type No="2">Inport</Type><Position x="265.0" y="165.0"/><Rotation>3.142</Rotation><IsConnected>1</IsConnected><Source BlockIdentifier="&lt;S5&gt;/SignPreIntegrator" PortType="Outport" PortNo="1"/><Signal Name="SignPreIntegrator" Category="BlockIO" ReadOnly="TRUE"><Type GUID="{18071995-0000-0000-0000-00000000000E}">LREAL</Type><GlobalName>BlockIO.SignPreIntegrator</GlobalName><AdsIdxOffs>#x950000a8</AdsIdxOffs></Signal></Port><Port><Type No="1">Outport</Type><Position x="220.0" y="160.0"/><Rotation>3.142</Rotation><IsConnected>1</IsConnected><Line><Point x="220.0" y="160.0"/><Point x="210.0" y="160.0"/></Line><Signal Name="Equal" Category="BlockIO" ReadOnly="TRUE"><Type GUID="{18071995-0000-0000-0000-000000000030}">BOOL</Type><GlobalName>BlockIO.Equal</GlobalName><AdsIdxOffs>#x950000da</AdsIdxOffs></Signal></Port></Block><Block><Name>Gain</Name><Identifier>&lt;S5&gt;/Gain</Identifier><Type>Gain</Type><Position x="440.0" y="80.0" w="30.0" h="30.0"/><Parameter Name="Gain" Category="Parameters" ReadOnly="TRUE"><Type GUID="{18071995-0000-0000-0000-00000000000E}">LREAL</Type><GlobalName>ModelParameters.Gain_Gain</GlobalName><AdsIdxOffs>#xae000098</AdsIdxOffs></Parameter><Port><Type No="1">Inport</Type><Position x="485.0" y="95.0"/><Rotation>3.142</Rotation><IsConnected>1</IsConnected><Source BlockIdentifier="&lt;S5&gt;/preSat" PortType="Outport" PortNo="1"/></Port><Port><Type No="1">Outport</Type><Position x="435.0" y="95.0"/><Rotation>3.142</Rotation><IsConnected>1</IsConnected><Line><Point x="435.0" y="95.0"/><Point x="410.0" y="95.0"/><Point x="410.0" y="120.0"/><Point x="370.0" y="120.0"/></Line><Signal Name="Gain" Category="BlockIO" ReadOnly="TRUE"><Type GUID="{18071995-0000-0000-0000-00000000000E}">LREAL</Type><GlobalName>BlockIO.Gain</GlobalName><AdsIdxOffs>#x95000088</AdsIdxOffs></Signal></Port></Block><Block><Name>Memory</Name><Identifier>&lt;S5&gt;/Memory</Identifier><Type>Memory</Type><Position x="125.0" y="134.0" w="25.0" h="22.0"/><Parameter Name="X0" Category="Parameters" ReadOnly="TRUE"><Type GUID="{18071995-0000-0000-0000-000000000030}">BOOL</Type><GlobalName>ModelParameters.Memory_X0</GlobalName><AdsIdxOffs>#xae0000e1</AdsIdxOffs></Parameter><Port><Type No="1">Inport</Type><Position x="165.0" y="145.0"/><Rotation>3.142</Rotation><IsConnected>1</IsConnected><Source BlockIdentifier="&lt;S5&gt;/AND" PortType="Outport" PortNo="1"/><Signal Name="AND" Category="BlockIO" ReadOnly="TRUE"><Type GUID="{18071995-0000-0000-0000-000000000030}">BOOL</Type><GlobalName>BlockIO.AND</GlobalName><AdsIdxOffs>#x950000db</AdsIdxOffs></Signal></Port><Port><Type No="1">Outport</Type><Position x="120.0" y="145.0"/><Rotation>3.142</Rotation><IsConnected>1</IsConnected><Line><Point x="120.0" y="145.0"/><Point x="110.0" y="145.0"/></Line><Signal Name="Memory" Category="BlockIO" ReadOnly="TRUE"><Type GUID="{18071995-0000-0000-0000-000000000030}">BOOL</Type><GlobalName>BlockIO.Memory</GlobalName><AdsIdxOffs>#x950000dc</AdsIdxOffs></Signal></Port><State Name="Memory_PreviousInput" Category="States" ReadOnly="TRUE"><Type GUID="{18071995-0000-0000-0000-000000000030}">BOOL</Type><GlobalName>DWork.Memory_PreviousInput</GlobalName><AdsIdxOffs>#x94000004</AdsIdxOffs></State></Block><Block><Name>NotEqual</Name><Identifier>&lt;S5&gt;/NotEqual</Identifier><Type>RelationalOperator</Type><Position x="335.0" y="112.0" w="30.0" h="31.0"/><Port><Type No="1">Inport</Type><Position x="380.0" y="120.0"/><Rotation>3.142</Rotation><IsConnected>1</IsConnected><Source BlockIdentifier="&lt;S5&gt;/Gain" PortType="Outport" PortNo="1"/><Signal Name="Gain" Category="BlockIO" ReadOnly="TRUE"><Type GUID="{18071995-0000-0000-0000-00000000000E}">LREAL</Type><GlobalName>BlockIO.Gain</GlobalName><AdsIdxOffs>#x95000088</AdsIdxOffs></Signal></Port><Port><Type No="2">Inport</Type><Position x="380.0" y="135.0"/><Rotation>3.142</Rotation><IsConnected>1</IsConnected><Source BlockIdentifier="&lt;S5&gt;/DeadZone" PortType="Outport" PortNo="1"/><Signal Name="DeadZone" Category="BlockIO" ReadOnly="TRUE"><Type GUID="{18071995-0000-0000-0000-00000000000E}">LREAL</Type><GlobalName>BlockIO.DeadZone</GlobalName><AdsIdxOffs>#x95000090</AdsIdxOffs></Signal></Port><Port><Type No="1">Outport</Type><Position x="330.0" y="130.0"/><Rotation>3.142</Rotation><IsConnected>1</IsConnected><Line><Point x="330.0" y="130.0"/><Point x="210.0" y="130.0"/></Line><Signal Name="NotEqual" Category="BlockIO" ReadOnly="TRUE"><Type GUID="{18071995-0000-0000-0000-000000000030}">BOOL</Type><GlobalName>BlockIO.NotEqual</GlobalName><AdsIdxOffs>#x950000d9</AdsIdxOffs></Signal></Port></Block><Block><Name>SignPreIntegrator</Name><Identifier>&lt;S5&gt;/SignPreIntegrator</Identifier><Type>Signum</Type><Position x="335.0" y="212.0" w="15.0" h="26.0"/><Port><Type No="1">Inport</Type><Position x="365.0" y="225.0"/><Rotation>3.142</Rotation><IsConnected>1</IsConnected><Source BlockIdentifier="&lt;S5&gt;/DataTypeConv2" PortType="Outport" PortNo="1"/></Port><Port><Type No="1">Outport</Type><Position x="330.0" y="225.0"/><Rotation>3.142</Rotation><IsConnected>1</IsConnected><Line><Point x="330.0" y="225.0"/><Point x="300.0" y="225.0"/><Point x="300.0" y="165.0"/><Point x="255.0" y="165.0"/></Line><Signal Name="SignPreIntegrator" Category="BlockIO" ReadOnly="TRUE"><Type GUID="{18071995-0000-0000-0000-00000000000E}">LREAL</Type><GlobalName>BlockIO.SignPreIntegrator</GlobalName><AdsIdxOffs>#x950000a8</AdsIdxOffs></Signal></Port></Block><Block><Name>SignPreSat</Name><Identifier>&lt;S5&gt;/SignPreSat</Identifier><Type>Signum</Type><Position x="340.0" y="43.0" w="15.0" h="24.0"/><Port><Type No="1">Inport</Type><Position x="370.0" y="55.0"/><Rotation>3.142</Rotation><IsConnected>1</IsConnected><Source BlockIdentifier="&lt;S5&gt;/preSat" PortType="Outport" PortNo="1"/></Port><Port><Type No="1">Outport</Type><Position x="335.0" y="55.0"/><Rotation>3.142</Rotation><IsConnected>1</IsConnected><Line><Point x="335.0" y="55.0"/><Point x="300.0" y="55.0"/><Point x="300.0" y="155.0"/><Point x="255.0" y="155.0"/></Line><Signal Name="SignPreSat" Category="BlockIO" ReadOnly="TRUE"><Type GUID="{18071995-0000-0000-0000-00000000000E}">LREAL</Type><GlobalName>BlockIO.SignPreSat</GlobalName><AdsIdxOffs>#x95000098</AdsIdxOffs></Signal></Port></Block><Block><Name>Clamp</Name><Identifier>&lt;S5&gt;/Clamp</Identifier><Type InstanceNo="1">Outport</Type><Position x="75.0" y="138.0" w="30.0" h="14.0"/><Port><Type No="1">Inport</Type><Position x="120.0" y="145.0"/><Rotation>3.142</Rotation><IsConnected>1</IsConnected><Source BlockIdentifier="&lt;S5&gt;/Memory" PortType="Outport" PortNo="1"/><Signal Name="Memory" Category="BlockIO" ReadOnly="TRUE"><Type GUID="{18071995-0000-0000-0000-000000000030}">BOOL</Type><GlobalName>BlockIO.Memory</GlobalName><AdsIdxOffs>#x950000dc</AdsIdxOffs></Signal></Port></Block><Port><Type No="1">Inport</Type><Position x="260.0" y="170.0"/><Rotation>3.142</Rotation><IsConnected>1</IsConnected><Source BlockIdentifier="&lt;S1&gt;/Sum" PortType="Outport" PortNo="1"/><Signal Name="Sum" Category="BlockIO" ReadOnly="TRUE"><Type GUID="{18071995-0000-0000-0000-00000000000E}">LREAL</Type><GlobalName>BlockIO.Sum</GlobalName><AdsIdxOffs>#x95000058</AdsIdxOffs></Signal></Port><Port><Type No="2">Inport</Type><Position x="260.0" y="190.0"/><Rotation>3.142</Rotation><IsConnected>1</IsConnected><Source BlockIdentifier="&lt;S1&gt;/Integral Gain" PortType="Outport" PortNo="1"/><Signal Name="IntegralGain" Category="BlockIO" ReadOnly="TRUE"><Type GUID="{18071995-0000-0000-0000-00000000000E}">LREAL</Type><GlobalName>BlockIO.IntegralGain</GlobalName><AdsIdxOffs>#x950000a0</AdsIdxOffs></Signal></Port><Port><Type No="1">Outport</Type><Position x="160.0" y="180.0"/><Rotation>3.142</Rotation><IsConnected>1</IsConnected><Line><Point x="160.0" y="180.0"/><Point x="160.0" y="110.0"/><Point x="255.0" y="110.0"/></Line><Signal Name="Memory" Category="BlockIO" ReadOnly="TRUE"><Type GUID="{18071995-0000-0000-0000-000000000030}">BOOL</Type><GlobalName>BlockIO.Memory</GlobalName><AdsIdxOffs>#x950000dc</AdsIdxOffs></Signal></Port></Block><Block><Name>Constant</Name><Identifier>&lt;S1&gt;/Constant</Identifier><Type>Constant</Type><Position x="210.0" y="60.0" w="20.0" h="20.0"/><Parameter Name="Value" Category="Parameters" ReadOnly="TRUE"><Type GUID="{18071995-0000-0000-0000-00000000000E}">LREAL</Type><GlobalName>ModelParameters.Constant_Value_o</GlobalName><AdsIdxOffs>#xae0000b8</AdsIdxOffs></Parameter><Port><Type No="1">Outport</Type><Position x="220.0" y="85.0"/><Rotation>-1.571</Rotation><IsConnected>1</IsConnected><Line><Point x="220.0" y="85.0"/><Point x="220.0" y="95.0"/><Point x="255.0" y="95.0"/></Line></Port></Block><Block><Name>Derivative Gain</Name><Identifier>&lt;S1&gt;/Derivative Gain</Identifier><Type>Gain</Type><Position x="105.0" y="215.0" w="30.0" h="30.0"/><Parameter Name="Gain" Category="Parameters" ReadOnly="TRUE"><Type GUID="{18071995-0000-0000-0000-00000000000E}">LREAL</Type><GlobalName>ModelParameters.DerivativeGain_Gain</GlobalName><AdsIdxOffs>#xae000048</AdsIdxOffs></Parameter><Port><Type No="1">Inport</Type><Position x="90.0" y="230.0"/><IsConnected>1</IsConnected><Source BlockIdentifier="&lt;S1&gt;/u" PortType="Outport" PortNo="1"/></Port><Port><Type No="1">Outport</Type><Position x="140.0" y="230.0"/><IsConnected>1</IsConnected><Line><Point x="140.0" y="230.0"/><Point x="230.0" y="230.0"/></Line><Signal Name="DerivativeGain" Category="BlockIO" ReadOnly="TRUE"><Type GUID="{18071995-0000-0000-0000-00000000000E}">LREAL</Type><GlobalName>BlockIO.DerivativeGain</GlobalName><AdsIdxOffs>#x95000038</AdsIdxOffs></Signal></Port></Block><Block><Name>Filter</Name><Identifier>&lt;S1&gt;/Filter</Identifier><Type>Integrator</Type><Position x="315.0" y="268.0" w="75.0" h="64.0"/><Parameter Name="InitialCondition" Category="Parameters" ReadOnly="TRUE"><Type GUID="{18071995-0000-0000-0000-00000000000E}">LREAL</Type><GlobalName>ModelParameters.Filter_IC</GlobalName><AdsIdxOffs>#xae000050</AdsIdxOffs></Parameter><Port><Type No="1">Inport</Type><Position x="405.0" y="300.0"/><Rotation>3.142</Rotation><IsConnected>1</IsConnected><Source BlockIdentifier="&lt;S1&gt;/Filter Coefficient" PortType="Outport" PortNo="1"/><Signal Name="FilterCoefficient" Category="BlockIO" ReadOnly="TRUE"><Type GUID="{18071995-0000-0000-0000-00000000000E}">LREAL</Type><GlobalName>BlockIO.FilterCoefficient</GlobalName><AdsIdxOffs>#x95000050</AdsIdxOffs></Signal></Port><Port><Type No="1">Outport</Type><Position x="310.0" y="300.0"/><Rotation>3.142</Rotation><IsConnected>1</IsConnected><Line><Point x="310.0" y="300.0"/><Point x="245.0" y="300.0"/><Point x="245.0" y="245.0"/></Line><Signal Name="Filter" Category="BlockIO" ReadOnly="TRUE"><Type GUID="{18071995-0000-0000-0000-00000000000E}">LREAL</Type><GlobalName>BlockIO.Filter</GlobalName><AdsIdxOffs>#x95000040</AdsIdxOffs></Signal></Port><State Name="State0" Category="Continuous States" ReadOnly="TRUE"><Type GUID="{18071995-0000-0000-0000-00000000000E}">LREAL</Type><GlobalName>ContState.Filter_CSTATE</GlobalName><AdsIdxOffs>#x96000018</AdsIdxOffs></State></Block><Block><Name>Filter Coefficient</Name><Identifier>&lt;S1&gt;/Filter Coefficient</Identifier><Type>Gain</Type><Position x="335.0" y="215.0" w="30.0" h="30.0"/><Parameter Name="Gain" Category="Parameters" ReadOnly="TRUE"><Type GUID="{18071995-0000-0000-0000-00000000000E}">LREAL</Type><GlobalName>ModelParameters.FilterCoefficient_Gain</GlobalName><AdsIdxOffs>#xae000058</AdsIdxOffs></Parameter><Port><Type No="1">Inport</Type><Position x="320.0" y="230.0"/><IsConnected>1</IsConnected><Source BlockIdentifier="&lt;S1&gt;/SumD" PortType="Outport" PortNo="1"/><Signal Name="SumD" Category="BlockIO" ReadOnly="TRUE"><Type GUID="{18071995-0000-0000-0000-00000000000E}">LREAL</Type><GlobalName>BlockIO.SumD</GlobalName><AdsIdxOffs>#x95000048</AdsIdxOffs></Signal></Port><Port><Type No="1">Outport</Type><Position x="370.0" y="230.0"/><IsConnected>1</IsConnected><Line><Point x="370.0" y="230.0"/><Point x="370.0" y="230.0"/><Line><Point x="370.0" y="230.0"/><Point x="425.0" y="230.0"/><Point x="425.0" y="140.0"/></Line><Line><Point x="370.0" y="230.0"/><Point x="415.0" y="230.0"/><Point x="415.0" y="300.0"/><Point x="395.0" y="300.0"/></Line></Line><Signal Name="FilterCoefficient" Category="BlockIO" ReadOnly="TRUE"><Type GUID="{18071995-0000-0000-0000-00000000000E}">LREAL</Type><GlobalName>BlockIO.FilterCoefficient</GlobalName><AdsIdxOffs>#x95000050</AdsIdxOffs></Signal></Port></Block><Block><Name>Integral Gain</Name><Identifier>&lt;S1&gt;/Integral Gain</Identifier><Type>Gain</Type><Position x="105.0" y="110.0" w="30.0" h="30.0"/><Parameter Name="Gain" Category="Parameters" ReadOnly="TRUE"><Type GUID="{18071995-0000-0000-0000-00000000000E}">LREAL</Type><GlobalName>ModelParameters.IntegralGain_Gain</GlobalName><AdsIdxOffs>#xae0000b0</AdsIdxOffs></Parameter><Port><Type No="1">Inport</Type><Position x="90.0" y="125.0"/><IsConnected>1</IsConnected><Source BlockIdentifier="&lt;S1&gt;/u" PortType="Outport" PortNo="1"/></Port><Port><Type No="1">Outport</Type><Position x="140.0" y="125.0"/><IsConnected>1</IsConnected><Line><Point x="140.0" y="125.0"/><Point x="140.0" y="125.0"/><Line><Point x="140.0" y="125.0"/><Point x="255.0" y="125.0"/></Line><Line><Point x="140.0" y="125.0"/><Point x="250.0" y="125.0"/><Point x="250.0" y="160.0"/><Point x="265.0" y="160.0"/><Point x="265.0" y="190.0"/><Point x="250.0" y="190.0"/></Line></Line><Signal Name="IntegralGain" Category="BlockIO" ReadOnly="TRUE"><Type GUID="{18071995-0000-0000-0000-00000000000E}">LREAL</Type><GlobalName>BlockIO.IntegralGain</GlobalName><AdsIdxOffs>#x950000a0</AdsIdxOffs></Signal></Port></Block><Block><Name>Integrator</Name><Identifier>&lt;S1&gt;/Integrator</Identifier><Type>Integrator</Type><Position x="315.0" y="93.0" w="75.0" h="64.0"/><Parameter Name="InitialCondition" Category="Parameters" ReadOnly="TRUE"><Type GUID="{18071995-0000-0000-0000-00000000000E}">LREAL</Type><GlobalName>ModelParameters.Integrator_IC</GlobalName><AdsIdxOffs>#xae000040</AdsIdxOffs></Parameter><Port><Type No="1">Inport</Type><Position x="300.0" y="125.0"/><IsConnected>1</IsConnected><Source BlockIdentifier="&lt;S1&gt;/Switch" PortType="Outport" PortNo="1"/><Signal Name="Switch" Category="BlockIO" ReadOnly="TRUE"><Type GUID="{18071995-0000-0000-0000-00000000000E}">LREAL</Type><GlobalName>BlockIO.Switch</GlobalName><AdsIdxOffs>#x950000b0</AdsIdxOffs></Signal></Port><Port><Type No="1">Outport</Type><Position x="395.0" y="125.0"/><IsConnected>1</IsConnected><Line><Point x="395.0" y="125.0"/><Point x="410.0" y="125.0"/></Line><Signal Name="Integrator" Category="BlockIO" ReadOnly="TRUE"><Type GUID="{18071995-0000-0000-0000-00000000000E}">LREAL</Type><GlobalName>BlockIO.Integrator</GlobalName><AdsIdxOffs>#x95000030</AdsIdxOffs></Signal></Port><State Name="State0" Category="Continuous States" ReadOnly="TRUE"><Type GUID="{18071995-0000-0000-0000-00000000000E}">LREAL</Type><GlobalName>ContState.Integrator_CSTATE</GlobalName><AdsIdxOffs>#x96000010</AdsIdxOffs></State></Block><Block><Name>Proportional Gain</Name><Identifier>&lt;S1&gt;/Proportional Gain</Identifier><Type>Gain</Type><Position x="105.0" y="20.0" w="30.0" h="30.0"/><Parameter Name="Gain" Category="Parameters" ReadOnly="TRUE"><Type GUID="{18071995-0000-0000-0000-00000000000E}">LREAL</Type><GlobalName>ModelParameters.ProportionalGain_Gain</GlobalName><AdsIdxOffs>#xae000038</AdsIdxOffs></Parameter><Port><Type No="1">Inport</Type><Position x="90.0" y="35.0"/><IsConnected>1</IsConnected><Source BlockIdentifier="&lt;S1&gt;/u" PortType="Outport" PortNo="1"/></Port><Port><Type No="1">Outport</Type><Position x="140.0" y="35.0"/><IsConnected>1</IsConnected><Line><Point x="140.0" y="35.0"/><Point x="425.0" y="35.0"/><Point x="425.0" y="110.0"/></Line><Signal Name="ProportionalGain" Category="BlockIO" ReadOnly="TRUE"><Type GUID="{18071995-0000-0000-0000-00000000000E}">LREAL</Type><GlobalName>BlockIO.ProportionalGain</GlobalName><AdsIdxOffs>#x95000028</AdsIdxOffs></Signal></Port></Block><Block><Name>Saturation</Name><Identifier>&lt;S1&gt;/Saturation</Identifier><Type>Saturate</Type><Position x="545.0" y="110.0" w="30.0" h="30.0"/><Parameter Name="UpperLimit" Category="Parameters" ReadOnly="TRUE"><Type GUID="{18071995-0000-0000-0000-00000000000E}">LREAL</Type><GlobalName>ModelParameters.Saturation_UpperSat</GlobalName><AdsIdxOffs>#xae000060</AdsIdxOffs></Parameter><Parameter Name="LowerLimit" Category="Parameters" ReadOnly="TRUE"><Type GUID="{18071995-0000-0000-0000-00000000000E}">LREAL</Type><GlobalName>ModelParameters.Saturation_LowerSat</GlobalName><AdsIdxOffs>#xae000068</AdsIdxOffs></Parameter><Port><Type No="1">Inport</Type><Position x="530.0" y="125.0"/><IsConnected>1</IsConnected><Source BlockIdentifier="&lt;S1&gt;/Sum" PortType="Outport" PortNo="1"/><Signal Name="Sum" Category="BlockIO" ReadOnly="TRUE"><Type GUID="{18071995-0000-0000-0000-00000000000E}">LREAL</Type><GlobalName>BlockIO.Sum</GlobalName><AdsIdxOffs>#x95000058</AdsIdxOffs></Signal></Port><Port><Type No="1">Outport</Type><Position x="580.0" y="125.0"/><IsConnected>1</IsConnected><Line><Point x="580.0" y="125.0"/><Point x="605.0" y="125.0"/></Line><Signal Name="Saturation" Category="BlockIO" ReadOnly="TRUE"><Type GUID="{18071995-0000-0000-0000-00000000000E}">LREAL</Type><GlobalName>BlockIO.Saturation</GlobalName><AdsIdxOffs>#x95000060</AdsIdxOffs></Signal></Port></Block><Block><Name>Sum</Name><Identifier>&lt;S1&gt;/Sum</Identifier><Type>Sum</Type><Position x="415.0" y="115.0" w="20.0" h="20.0"/><Port><Type No="1">Inport</Type><Position x="425.0" y="100.0"/><Rotation>4.712</Rotation><IsConnected>1</IsConnected><Source BlockIdentifier="&lt;S1&gt;/Proportional Gain" PortType="Outport" PortNo="1"/><Signal Name="ProportionalGain" Category="BlockIO" ReadOnly="TRUE"><Type GUID="{18071995-0000-0000-0000-00000000000E}">LREAL</Type><GlobalName>BlockIO.ProportionalGain</GlobalName><AdsIdxOffs>#x95000028</AdsIdxOffs></Signal></Port><Port><Type No="2">Inport</Type><Position x="400.0" y="125.0"/><IsConnected>1</IsConnected><Source BlockIdentifier="&lt;S1&gt;/Integrator" PortType="Outport" PortNo="1"/><Signal Name="Integrator" Category="BlockIO" ReadOnly="TRUE"><Type GUID="{18071995-0000-0000-0000-00000000000E}">LREAL</Type><GlobalName>BlockIO.Integrator</GlobalName><AdsIdxOffs>#x95000030</AdsIdxOffs></Signal></Port><Port><Type No="3">Inport</Type><Position x="425.0" y="150.0"/><Rotation>1.571</Rotation><IsConnected>1</IsConnected><Source BlockIdentifier="&lt;S1&gt;/Filter Coefficient" PortType="Outport" PortNo="1"/><Signal Name="FilterCoefficient" Category="BlockIO" ReadOnly="TRUE"><Type GUID="{18071995-0000-0000-0000-00000000000E}">LREAL</Type><GlobalName>BlockIO.FilterCoefficient</GlobalName><AdsIdxOffs>#x95000050</AdsIdxOffs></Signal></Port><Port><Type No="1">Outport</Type><Position x="440.0" y="125.0"/><IsConnected>1</IsConnected><Line><Point x="440.0" y="125.0"/><Point x="440.0" y="125.0"/><Line><Point x="440.0" y="125.0"/><Point x="450.0" y="125.0"/><Point x="450.0" y="170.0"/><Point x="250.0" y="170.0"/></Line><Line><Point x="440.0" y="125.0"/><Point x="540.0" y="125.0"/></Line></Line><Signal Name="Sum" Category="BlockIO" ReadOnly="TRUE"><Type GUID="{18071995-0000-0000-0000-00000000000E}">LREAL</Type><GlobalName>BlockIO.Sum</GlobalName><AdsIdxOffs>#x95000058</AdsIdxOffs></Signal></Port></Block><Block><Name>SumD</Name><Identifier>&lt;S1&gt;/SumD</Identifier><Type>Sum</Type><Position x="235.0" y="220.0" w="20.0" h="20.0"/><Port><Type No="1">Inport</Type><Position x="220.0" y="230.0"/><IsConnected>1</IsConnected><Source BlockIdentifier="&lt;S1&gt;/Derivative Gain" PortType="Outport" PortNo="1"/><Signal Name="DerivativeGain" Category="BlockIO" ReadOnly="TRUE"><Type GUID="{18071995-0000-0000-0000-00000000000E}">LREAL</Type><GlobalName>BlockIO.DerivativeGain</GlobalName><AdsIdxOffs>#x95000038</AdsIdxOffs></Signal></Port><Port><Type No="2">Inport</Type><Position x="245.0" y="255.0"/><Rotation>1.571</Rotation><IsConnected>1</IsConnected><Source BlockIdentifier="&lt;S1&gt;/Filter" PortType="Outport" PortNo="1"/><Signal Name="Filter" Category="BlockIO" ReadOnly="TRUE"><Type GUID="{18071995-0000-0000-0000-00000000000E}">LREAL</Type><GlobalName>BlockIO.Filter</GlobalName><AdsIdxOffs>#x95000040</AdsIdxOffs></Signal></Port><Port><Type No="1">Outport</Type><Position x="260.0" y="230.0"/><IsConnected>1</IsConnected><Line><Point x="260.0" y="230.0"/><Point x="330.0" y="230.0"/></Line><Signal Name="SumD" Category="BlockIO" ReadOnly="TRUE"><Type GUID="{18071995-0000-0000-0000-00000000000E}">LREAL</Type><GlobalName>BlockIO.SumD</GlobalName><AdsIdxOffs>#x95000048</AdsIdxOffs></Signal></Port></Block><Block><Name>Switch</Name><Identifier>&lt;S1&gt;/Switch</Identifier><Type>Switch</Type><Position x="260.0" y="87.0" w="30.0" h="46.0"/><Port><Type No="1">Inport</Type><Position x="245.0" y="95.0"/><IsConnected>1</IsConnected><Source BlockIdentifier="&lt;S1&gt;/Constant" PortType="Outport" PortNo="1"/></Port><Port><Type No="2">Inport</Type><Position x="245.0" y="110.0"/><IsConnected>1</IsConnected><Source BlockIdentifier="&lt;S5&gt;" PortType="Outport" PortNo="1"/><Signal Name="Memory" Category="BlockIO" ReadOnly="TRUE"><Type GUID="{18071995-0000-0000-0000-000000000030}">BOOL</Type><GlobalName>BlockIO.Memory</GlobalName><AdsIdxOffs>#x950000dc</AdsIdxOffs></Signal></Port><Port><Type No="3">Inport</Type><Position x="245.0" y="125.0"/><IsConnected>1</IsConnected><Source BlockIdentifier="&lt;S1&gt;/Integral Gain" PortType="Outport" PortNo="1"/><Signal Name="IntegralGain" Category="BlockIO" ReadOnly="TRUE"><Type GUID="{18071995-0000-0000-0000-00000000000E}">LREAL</Type><GlobalName>BlockIO.IntegralGain</GlobalName><AdsIdxOffs>#x950000a0</AdsIdxOffs></Signal></Port><Port><Type No="1">Outport</Type><Position x="295.0" y="110.0"/><IsConnected>1</IsConnected><Line><Point x="295.0" y="110.0"/><Point x="295.0" y="125.0"/><Point x="310.0" y="125.0"/></Line><Signal Name="Switch" Category="BlockIO" ReadOnly="TRUE"><Type GUID="{18071995-0000-0000-0000-00000000000E}">LREAL</Type><GlobalName>BlockIO.Switch</GlobalName><AdsIdxOffs>#x950000b0</AdsIdxOffs></Signal></Port></Block><Block><Name>y</Name><Identifier>&lt;S1&gt;/y</Identifier><Type InstanceNo="1">Outport</Type><Position x="610.0" y="115.0" w="20.0" h="20.0"/><Port><Type No="1">Inport</Type><Position x="595.0" y="125.0"/><IsConnected>1</IsConnected><Source BlockIdentifier="&lt;S1&gt;/Saturation" PortType="Outport" PortNo="1"/><Signal Name="Saturation" Category="BlockIO" ReadOnly="TRUE"><Type GUID="{18071995-0000-0000-0000-00000000000E}">LREAL</Type><GlobalName>BlockIO.Saturation</GlobalName><AdsIdxOffs>#x95000060</AdsIdxOffs></Signal></Port></Block><Port><Type No="1">Inport</Type><Position x="365.0" y="95.0"/><Name>e</Name><IsConnected>1</IsConnected><Source BlockIdentifier="&lt;Root&gt;/Sum" PortType="Outport" PortNo="1"/><Signal Name="e" Category="BlockIO" ReadOnly="TRUE"><Type GUID="{18071995-0000-0000-0000-00000000000E}">LREAL</Type><GlobalName>BlockIO.e</GlobalName><AdsIdxOffs>#x95000020</AdsIdxOffs></Signal></Port><Port><Type No="1">Outport</Type><Position x="450.0" y="95.0"/><IsConnected>1</IsConnected><Line><Point x="450.0" y="95.0"/><Point x="475.0" y="95.0"/></Line><Signal Name="Saturation" Category="BlockIO" ReadOnly="TRUE"><Type GUID="{18071995-0000-0000-0000-00000000000E}">LREAL</Type><GlobalName>BlockIO.Saturation</GlobalName><AdsIdxOffs>#x95000060</AdsIdxOffs></Signal></Port></Block><Block><Name>PWM</Name><Identifier>&lt;S2&gt;</Identifier><Type>SubSystem</Type><Position x="480.0" y="78.0" w="65.0" h="34.0"/><Block><Name>Value</Name><Identifier>&lt;S2&gt;/Value</Identifier><Type InstanceNo="1">Inport</Type><Position x="120.0" y="78.0" w="30.0" h="14.0"/><Port><Type No="1">Outport</Type><Position x="155.0" y="85.0"/><IsConnected>1</IsConnected><Line><Point x="155.0" y="85.0"/><Point x="170.0" y="85.0"/></Line></Port></Block><Block><Name>comparator</Name><Identifier>&lt;S2&gt;/comparator</Identifier><Type>RelationalOperator</Type><Position x="175.0" y="69.0" w="30.0" h="62.0"/><Port><Type No="1">Inport</Type><Position x="160.0" y="85.0"/><IsConnected>1</IsConnected><Source BlockIdentifier="&lt;S2&gt;/Value" PortType="Outport" PortNo="1"/></Port><Port><Type No="2">Inport</Type><Position x="160.0" y="115.0"/><IsConnected>1</IsConnected><Source BlockIdentifier="&lt;S6&gt;" PortType="Outport" PortNo="1"/></Port><Port><Type No="1">Outport</Type><Position x="210.0" y="100.0"/><IsConnected>1</IsConnected><Line><Point x="210.0" y="100.0"/><Point x="235.0" y="100.0"/></Line><Signal Name="comparator" Category="BlockIO" ReadOnly="TRUE"><Type GUID="{18071995-0000-0000-0000-000000000030}">BOOL</Type><GlobalName>BlockIO.comparator</GlobalName><AdsIdxOffs>#x950000d8</AdsIdxOffs></Signal></Port></Block><Block><Name>sawtooth</Name><Identifier>&lt;S6&gt;</Identifier><Type>SubSystem</Type><Position x="80.0" y="100.0" w="30.0" h="30.0"/><Mask>Repeating table</Mask><Block><Name>Clock</Name><Identifier>&lt;S6&gt;/Clock</Identifier><Type>Clock</Type><Position x="15.0" y="30.0" w="20.0" h="20.0"/><Port><Type No="1">Outport</Type><Position x="40.0" y="40.0"/><IsConnected>1</IsConnected><Line><Point x="40.0" y="40.0"/><Point x="140.0" y="40.0"/></Line><Signal Name="Clock" Category="BlockIO" ReadOnly="TRUE"><Type GUID="{18071995-0000-0000-0000-00000000000E}">LREAL</Type><GlobalName>BlockIO.Clock</GlobalName><AdsIdxOffs>#x95000068</AdsIdxOffs></Signal></Port></Block><Block><Name>Constant</Name><Identifier>&lt;S6&gt;/Constant</Identifier><Type>Constant</Type><Position x="125.0" y="91.0" w="55.0" h="28.0"/><Parameter Name="Value" Category="Parameters" ReadOnly="TRUE"><Type GUID="{18071995-0000-0000-0000-00000000000E}">LREAL</Type><GlobalName>ModelParameters.Constant_Value</GlobalName><AdsIdxOffs>#xae000070</AdsIdxOffs></Parameter><Port><Type No="1">Outport</Type><Position x="185.0" y="105.0"/><IsConnected>1</IsConnected><Line><Point x="185.0" y="105.0"/><Point x="205.0" y="105.0"/><Point x="205.0" y="70.0"/><Point x="225.0" y="70.0"/></Line></Port></Block><Block><Name>Look-Up Table1</Name><Identifier>&lt;S6&gt;/Look-Up Table1</Identifier><Type>Lookup</Type><Position x="330.0" y="53.0" w="40.0" h="24.0"/><Parameter Name="InputValues" Category="Parameters" ReadOnly="TRUE"><Type GUID="{43d00e65-327e-4a95-8f61-acbf9b8be66e}">matrix_2_real_T</Type><GlobalName>ModelParameters.LookUpTable1_XData</GlobalName><AdsIdxOffs>#xae000078</AdsIdxOffs></Parameter><Parameter Name="Table" Category="Parameters" ReadOnly="TRUE"><Type GUID="{43d00e65-327e-4a95-8f61-acbf9b8be66e}">matrix_2_real_T</Type><GlobalName>ModelParameters.LookUpTable1_YData</GlobalName><AdsIdxOffs>#xae000088</AdsIdxOffs></Parameter><Port><Type No="1">Inport</Type><Position x="315.0" y="65.0"/><IsConnected>1</IsConnected><Source BlockIdentifier="&lt;S6&gt;/Math Function" PortType="Outport" PortNo="1"/><Signal Name="MathFunction" Category="BlockIO" ReadOnly="TRUE"><Type GUID="{18071995-0000-0000-0000-00000000000E}">LREAL</Type><GlobalName>BlockIO.MathFunction</GlobalName><AdsIdxOffs>#x95000078</AdsIdxOffs></Signal></Port><Port><Type No="1">Outport</Type><Position x="375.0" y="65.0"/><IsConnected>1</IsConnected><Line><Point x="375.0" y="65.0"/><Point x="445.0" y="65.0"/></Line><Signal Name="LookUpTable1" Category="BlockIO" ReadOnly="TRUE"><Type GUID="{18071995-0000-0000-0000-00000000000E}">LREAL</Type><GlobalName>BlockIO.LookUpTable1</GlobalName><AdsIdxOffs>#x95000080</AdsIdxOffs></Signal></Port></Block><Block><Name>Math
Function</Name><Identifier>&lt;S6&gt;/Math Function</Identifier><Type>Math</Type><Position x="230.0" y="47.0" w="30.0" h="31.0"/><Port><Type No="1">Inport</Type><Position x="215.0" y="55.0"/><IsConnected>1</IsConnected><Source BlockIdentifier="&lt;S6&gt;/Sum" PortType="Outport" PortNo="1"/><Signal Name="Sum_g" Category="BlockIO" ReadOnly="TRUE"><Type GUID="{18071995-0000-0000-0000-00000000000E}">LREAL</Type><GlobalName>BlockIO.Sum_g</GlobalName><AdsIdxOffs>#x95000070</AdsIdxOffs></Signal></Port><Port><Type No="2">Inport</Type><Position x="215.0" y="70.0"/><IsConnected>1</IsConnected><Source BlockIdentifier="&lt;S6&gt;/Constant" PortType="Outport" PortNo="1"/></Port><Port><Type No="1">Outport</Type><Position x="265.0" y="65.0"/><IsConnected>1</IsConnected><Line><Point x="265.0" y="65.0"/><Point x="325.0" y="65.0"/></Line><Signal Name="MathFunction" Category="BlockIO" ReadOnly="TRUE"><Type GUID="{18071995-0000-0000-0000-00000000000E}">LREAL</Type><GlobalName>BlockIO.MathFunction</GlobalName><AdsIdxOffs>#x95000078</AdsIdxOffs></Signal></Port></Block><Block><Name>Output</Name><Identifier>&lt;S6&gt;/Output</Identifier><Type>SignalConversion</Type><Position x="450.0" y="41.0" w="20.0" h="48.0"/><Port><Type No="1">Inport</Type><Position x="435.0" y="65.0"/><IsConnected>1</IsConnected><Source BlockIdentifier="&lt;S6&gt;/Look-Up Table1" PortType="Outport" PortNo="1"/><Signal Name="LookUpTable1" Category="BlockIO" ReadOnly="TRUE"><Type GUID="{18071995-0000-0000-0000-00000000000E}">LREAL</Type><GlobalName>BlockIO.LookUpTable1</GlobalName><AdsIdxOffs>#x95000080</AdsIdxOffs></Signal></Port><Port><Type No="1">Outport</Type><Position x="475.0" y="65.0"/><IsConnected>1</IsConnected><Line><Point x="475.0" y="65.0"/><Point x="545.0" y="65.0"/></Line></Port></Block><Block><Name>Sum</Name><Identifier>&lt;S6&gt;/Sum</Identifier><Type>Sum</Type><Position x="145.0" y="29.0" w="20.0" h="47.0"/><Port><Type No="1">Inport</Type><Position x="130.0" y="40.0"/><IsConnected>1</IsConnected><Source BlockIdentifier="&lt;S6&gt;/Clock" PortType="Outport" PortNo="1"/><Signal Name="Clock" Category="BlockIO" ReadOnly="TRUE"><Type GUID="{18071995-0000-0000-0000-00000000000E}">LREAL</Type><GlobalName>BlockIO.Clock</GlobalName><AdsIdxOffs>#x95000068</AdsIdxOffs></Signal></Port><Port><Type No="2">Inport</Type><Position x="130.0" y="65.0"/><IsConnected>1</IsConnected><Source BlockIdentifier="&lt;S6&gt;/startTime" PortType="Outport" PortNo="1"/></Port><Port><Type No="1">Outport</Type><Position x="170.0" y="55.0"/><IsConnected>1</IsConnected><Line><Point x="170.0" y="55.0"/><Point x="225.0" y="55.0"/></Line><Signal Name="Sum_g" Category="BlockIO" ReadOnly="TRUE"><Type GUID="{18071995-0000-0000-0000-00000000000E}">LREAL</Type><GlobalName>BlockIO.Sum_g</GlobalName><AdsIdxOffs>#x95000070</AdsIdxOffs></Signal></Port></Block><Block><Name>startTime</Name><Identifier>&lt;S6&gt;/startTime</Identifier><Type>S-Function</Type><Position x="50.0" y="52.0" w="70.0" h="26.0"/><Port><Type No="1">Outport</Type><Position x="125.0" y="65.0"/><IsConnected>1</IsConnected><Line><Point x="125.0" y="65.0"/><Point x="140.0" y="65.0"/></Line></Port></Block><Block><Name>Out1</Name><Identifier>&lt;S6&gt;/Out1</Identifier><Type InstanceNo="1">Outport</Type><Position x="550.0" y="55.0" w="20.0" h="20.0"/><Port><Type No="1">Inport</Type><Position x="535.0" y="65.0"/><IsConnected>1</IsConnected><Source BlockIdentifier="&lt;S6&gt;/Output" PortType="Outport" PortNo="1"/></Port></Block><Port><Type No="1">Outport</Type><Position x="115.0" y="115.0"/><IsConnected>1</IsConnected><Line><Point x="115.0" y="115.0"/><Point x="170.0" y="115.0"/></Line></Port></Block><Block><Name>PWM</Name><Identifier>&lt;S2&gt;/PWM</Identifier><Type InstanceNo="1">Outport</Type><Position x="240.0" y="93.0" w="30.0" h="14.0"/><Port><Type No="1">Inport</Type><Position x="225.0" y="100.0"/><IsConnected>1</IsConnected><Source BlockIdentifier="&lt;S2&gt;/comparator" PortType="Outport" PortNo="1"/><Signal Name="comparator" Category="BlockIO" ReadOnly="TRUE"><Type GUID="{18071995-0000-0000-0000-000000000030}">BOOL</Type><GlobalName>BlockIO.comparator</GlobalName><AdsIdxOffs>#x950000d8</AdsIdxOffs></Signal></Port></Block><Port><Type No="1">Inport</Type><Position x="465.0" y="95.0"/><IsConnected>1</IsConnected><Source BlockIdentifier="&lt;S1&gt;" PortType="Outport" PortNo="1"/><Signal Name="Saturation" Category="BlockIO" ReadOnly="TRUE"><Type GUID="{18071995-0000-0000-0000-00000000000E}">LREAL</Type><GlobalName>BlockIO.Saturation</GlobalName><AdsIdxOffs>#x95000060</AdsIdxOffs></Signal></Port><Port><Type No="1">Outport</Type><Position x="550.0" y="95.0"/><Name>heaterOn</Name><IsConnected>1</IsConnected><Line Name="heaterOn"><Point x="550.0" y="95.0"/><Point x="585.0" y="95.0"/></Line><Signal Name="comparator" Category="BlockIO" ReadOnly="TRUE"><Type GUID="{18071995-0000-0000-0000-000000000030}">BOOL</Type><GlobalName>BlockIO.comparator</GlobalName><AdsIdxOffs>#x950000d8</AdsIdxOffs></Signal></Port></Block><Block><Name>Pulse
Generator</Name><Identifier>&lt;Root&gt;/Pulse Generator</Identifier><Type>DiscretePulseGenerator</Type><Position x="35.0" y="319.0" w="30.0" h="32.0"/><Parameter Name="Amplitude" Category="Parameters" ReadOnly="TRUE"><Type GUID="{18071995-0000-0000-0000-00000000000E}">LREAL</Type><GlobalName>ModelParameters.PulseGenerator_Amp</GlobalName><AdsIdxOffs>#xae0000c0</AdsIdxOffs></Parameter><Parameter Name="Period" Category="Parameters" ReadOnly="TRUE"><Type GUID="{18071995-0000-0000-0000-00000000000E}">LREAL</Type><GlobalName>ModelParameters.PulseGenerator_Period</GlobalName><AdsIdxOffs>#xae0000c8</AdsIdxOffs></Parameter><Parameter Name="PulseWidth" Category="Parameters" ReadOnly="TRUE"><Type GUID="{18071995-0000-0000-0000-00000000000E}">LREAL</Type><GlobalName>ModelParameters.PulseGenerator_Duty</GlobalName><AdsIdxOffs>#xae0000d0</AdsIdxOffs></Parameter><Parameter Name="PhaseDelay" Category="Parameters" ReadOnly="TRUE"><Type GUID="{18071995-0000-0000-0000-00000000000E}">LREAL</Type><GlobalName>ModelParameters.PulseGenerator_PhaseDelay</GlobalName><AdsIdxOffs>#xae0000d8</AdsIdxOffs></Parameter><Port><Type No="1">Outport</Type><Position x="70.0" y="335.0"/><IsConnected>1</IsConnected><Line><Point x="70.0" y="335.0"/><Point x="85.0" y="335.0"/></Line><Signal Name="PulseGenerator" Category="BlockIO" ReadOnly="TRUE"><Type GUID="{18071995-0000-0000-0000-00000000000E}">LREAL</Type><GlobalName>BlockIO.PulseGenerator</GlobalName><AdsIdxOffs>#x950000c8</AdsIdxOffs></Signal></Port><State Name="clockTickCounter" Category="States" ReadOnly="TRUE"><Type GUID="{18071995-0000-0000-0000-000000000009}">DINT</Type><GlobalName>DWork.clockTickCounter</GlobalName><AdsIdxOffs>#x94000000</AdsIdxOffs></State></Block><Block><Name>SelectExtSP</Name><Identifier>&lt;Root&gt;/SelectExtSP</Identifier><Type>Constant</Type><Position x="185.0" y="87.0" w="35.0" h="16.0"/><Parameter Name="Value" Category="Parameters" ReadOnly="TRUE"><Type GUID="{18071995-0000-0000-0000-000000000030}">BOOL</Type><GlobalName>ModelParameters.SelectExtSP_Value</GlobalName><AdsIdxOffs>#xae0000e0</AdsIdxOffs></Parameter><Port><Type No="1">Outport</Type><Position x="225.0" y="95.0"/><IsConnected>1</IsConnected><Line><Point x="225.0" y="95.0"/><Point x="230.0" y="95.0"/></Line></Port></Block><Block><Name>Sum</Name><Identifier>&lt;Root&gt;/Sum</Identifier><Type>Sum</Type><Position x="325.0" y="85.0" w="20.0" h="20.0"/><Port><Type No="1">Inport</Type><Position x="310.0" y="95.0"/><Name>setpoint</Name><IsConnected>1</IsConnected><Source BlockIdentifier="&lt;Root&gt;/Switch" PortType="Outport" PortNo="1"/><Signal Name="setpoint" Category="BlockIO" ReadOnly="TRUE"><Type GUID="{18071995-0000-0000-0000-00000000000E}">LREAL</Type><GlobalName>BlockIO.setpoint</GlobalName><AdsIdxOffs>#x95000008</AdsIdxOffs></Signal></Port><Port><Type No="2">Inport</Type><Position x="335.0" y="120.0"/><Name>current</Name><Rotation>1.571</Rotation><IsConnected>1</IsConnected><Source BlockIdentifier="&lt;S4&gt;" PortType="Outport" PortNo="1"/><Signal Name="current" Category="BlockIO" ReadOnly="TRUE"><Type GUID="{18071995-0000-0000-0000-00000000000E}">LREAL</Type><GlobalName>BlockIO.current</GlobalName><AdsIdxOffs>#x95000018</AdsIdxOffs></Signal></Port><Port><Type No="1">Outport</Type><Position x="350.0" y="95.0"/><Name>e</Name><IsConnected>1</IsConnected><Line Name="e"><Point x="350.0" y="95.0"/><Point x="375.0" y="95.0"/></Line><Signal Name="e" Category="BlockIO" ReadOnly="TRUE"><Type GUID="{18071995-0000-0000-0000-00000000000E}">LREAL</Type><GlobalName>BlockIO.e</GlobalName><AdsIdxOffs>#x95000020</AdsIdxOffs></Signal></Port></Block><Block><Name>Switch</Name><Identifier>&lt;Root&gt;/Switch</Identifier><Type>Switch</Type><Position x="235.0" y="47.0" w="30.0" h="96.0"/><Port><Type No="1">Inport</Type><Position x="220.0" y="65.0"/><IsConnected>1</IsConnected><Source BlockIdentifier="&lt;S3&gt;" PortType="Outport" PortNo="1"/><Signal Name="scale" Category="BlockIO" ReadOnly="TRUE"><Type GUID="{18071995-0000-0000-0000-00000000000E}">LREAL</Type><GlobalName>BlockIO.scale</GlobalName><AdsIdxOffs>#x950000d0</AdsIdxOffs></Signal></Port><Port><Type No="2">Inport</Type><Position x="220.0" y="95.0"/><IsConnected>1</IsConnected><Source BlockIdentifier="&lt;Root&gt;/SelectExtSP" PortType="Outport" PortNo="1"/></Port><Port><Type No="3">Inport</Type><Position x="220.0" y="125.0"/><IsConnected>1</IsConnected><Source BlockIdentifier="&lt;Root&gt;/Internal Setpoint" PortType="Outport" PortNo="1"/></Port><Port><Type No="1">Outport</Type><Position x="270.0" y="95.0"/><Name>setpoint</Name><IsConnected>1</IsConnected><Line Name="setpoint"><Point x="270.0" y="95.0"/><Point x="320.0" y="95.0"/></Line><Signal Name="setpoint" Category="BlockIO" ReadOnly="TRUE"><Type GUID="{18071995-0000-0000-0000-00000000000E}">LREAL</Type><GlobalName>BlockIO.setpoint</GlobalName><AdsIdxOffs>#x95000008</AdsIdxOffs></Signal></Port></Block><Block><Name>conv_to_bool</Name><Identifier>&lt;Root&gt;/conv_to_bool</Identifier><Type>DataTypeConversion</Type><Position x="90.0" y="323.0" w="50.0" h="24.0"/><Port><Type No="1">Inport</Type><Position x="75.0" y="335.0"/><IsConnected>1</IsConnected><Source BlockIdentifier="&lt;Root&gt;/Pulse Generator" PortType="Outport" PortNo="1"/><Signal Name="PulseGenerator" Category="BlockIO" ReadOnly="TRUE"><Type GUID="{18071995-0000-0000-0000-00000000000E}">LREAL</Type><GlobalName>BlockIO.PulseGenerator</GlobalName><AdsIdxOffs>#x950000c8</AdsIdxOffs></Signal></Port><Port><Type No="1">Outport</Type><Position x="145.0" y="335.0"/><IsConnected>1</IsConnected><Line><Point x="145.0" y="335.0"/><Point x="175.0" y="335.0"/></Line><Signal Name="conv_to_bool" Category="BlockIO" ReadOnly="TRUE"><Type GUID="{18071995-0000-0000-0000-000000000030}">BOOL</Type><GlobalName>BlockIO.conv_to_bool</GlobalName><AdsIdxOffs>#x950000dd</AdsIdxOffs></Signal></Port></Block><Block><Name>filter and scaling</Name><Identifier>&lt;S3&gt;</Identifier><Type>SubSystem</Type><Position x="90.0" y="52.0" w="95.0" h="26.0"/><Block><Name>AnalogIn</Name><Identifier>&lt;S3&gt;/AnalogIn</Identifier><Type InstanceNo="1">Inport</Type><Position x="100.0" y="103.0" w="30.0" h="14.0"/><Port><Type No="1">Outport</Type><Position x="135.0" y="110.0"/><IsConnected>1</IsConnected><Line><Point x="135.0" y="110.0"/><Point x="210.0" y="110.0"/></Line></Port></Block><Block><Name>Transfer Fcn</Name><Identifier>&lt;S3&gt;/Transfer Fcn</Identifier><Type>TransferFcn</Type><Position x="325.0" y="92.0" w="60.0" h="36.0"/><Parameter Name="A" Category="Parameters" ReadOnly="TRUE"><Type GUID="{18071995-0000-0000-0000-00000000000E}">LREAL</Type><GlobalName>ModelParameters.TransferFcn_A</GlobalName><AdsIdxOffs>#xae000008</AdsIdxOffs></Parameter><Parameter Name="C" Category="Parameters" ReadOnly="TRUE"><Type GUID="{18071995-0000-0000-0000-00000000000E}">LREAL</Type><GlobalName>ModelParameters.TransferFcn_C</GlobalName><AdsIdxOffs>#xae000010</AdsIdxOffs></Parameter><Port><Type No="1">Inport</Type><Position x="310.0" y="110.0"/><IsConnected>1</IsConnected><Source BlockIdentifier="&lt;S3&gt;/conv_to_double1" PortType="Outport" PortNo="1"/><Signal Name="conv_to_double1" Category="BlockIO" ReadOnly="TRUE"><Type GUID="{18071995-0000-0000-0000-00000000000E}">LREAL</Type><GlobalName>BlockIO.conv_to_double1</GlobalName><AdsIdxOffs>#x950000b8</AdsIdxOffs></Signal></Port><Port><Type No="1">Outport</Type><Position x="390.0" y="110.0"/><IsConnected>1</IsConnected><Line><Point x="390.0" y="110.0"/><Point x="445.0" y="110.0"/></Line><Signal Name="TransferFcn" Category="BlockIO" ReadOnly="TRUE"><Type GUID="{18071995-0000-0000-0000-00000000000E}">LREAL</Type><GlobalName>BlockIO.TransferFcn</GlobalName><AdsIdxOffs>#x95000000</AdsIdxOffs></Signal></Port><State Name="State0" Category="Continuous States" ReadOnly="TRUE"><Type GUID="{18071995-0000-0000-0000-00000000000E}">LREAL</Type><GlobalName>ContState.TransferFcn_CSTATE</GlobalName><AdsIdxOffs>#x96000000</AdsIdxOffs></State></Block><Block><Name>conv_to_double1</Name><Identifier>&lt;S3&gt;/conv_to_double1</Identifier><Type>DataTypeConversion</Type><Position x="215.0" y="99.0" w="45.0" h="22.0"/><Port><Type No="1">Inport</Type><Position x="200.0" y="110.0"/><IsConnected>1</IsConnected><Source BlockIdentifier="&lt;S3&gt;/AnalogIn" PortType="Outport" PortNo="1"/></Port><Port><Type No="1">Outport</Type><Position x="265.0" y="110.0"/><IsConnected>1</IsConnected><Line><Point x="265.0" y="110.0"/><Point x="320.0" y="110.0"/></Line><Signal Name="conv_to_double1" Category="BlockIO" ReadOnly="TRUE"><Type GUID="{18071995-0000-0000-0000-00000000000E}">LREAL</Type><GlobalName>BlockIO.conv_to_double1</GlobalName><AdsIdxOffs>#x950000b8</AdsIdxOffs></Signal></Port></Block><Block><Name>scale</Name><Identifier>&lt;S3&gt;/scale</Identifier><Type>Gain</Type><Position x="450.0" y="94.0" w="40.0" h="32.0"/><Parameter Name="Gain" Category="Parameters" ReadOnly="TRUE"><Type GUID="{18071995-0000-0000-0000-00000000000E}">LREAL</Type><GlobalName>ModelParameters.scale_Gain</GlobalName><AdsIdxOffs>#xae000000</AdsIdxOffs></Parameter><Port><Type No="1">Inport</Type><Position x="435.0" y="110.0"/><IsConnected>1</IsConnected><Source BlockIdentifier="&lt;S3&gt;/Transfer Fcn" PortType="Outport" PortNo="1"/><Signal Name="TransferFcn" Category="BlockIO" ReadOnly="TRUE"><Type GUID="{18071995-0000-0000-0000-00000000000E}">LREAL</Type><GlobalName>BlockIO.TransferFcn</GlobalName><AdsIdxOffs>#x95000000</AdsIdxOffs></Signal></Port><Port><Type No="1">Outport</Type><Position x="495.0" y="110.0"/><IsConnected>1</IsConnected><Line><Point x="495.0" y="110.0"/><Point x="510.0" y="110.0"/></Line><Signal Name="scale" Category="BlockIO" ReadOnly="TRUE"><Type GUID="{18071995-0000-0000-0000-00000000000E}">LREAL</Type><GlobalName>BlockIO.scale</GlobalName><AdsIdxOffs>#x950000d0</AdsIdxOffs></Signal></Port></Block><Block><Name>FloatOut</Name><Identifier>&lt;S3&gt;/FloatOut</Identifier><Type InstanceNo="1">Outport</Type><Position x="515.0" y="103.0" w="30.0" h="14.0"/><Port><Type No="1">Inport</Type><Position x="500.0" y="110.0"/><IsConnected>1</IsConnected><Source BlockIdentifier="&lt;S3&gt;/scale" PortType="Outport" PortNo="1"/><Signal Name="scale" Category="BlockIO" ReadOnly="TRUE"><Type GUID="{18071995-0000-0000-0000-00000000000E}">LREAL</Type><GlobalName>BlockIO.scale</GlobalName><AdsIdxOffs>#x950000d0</AdsIdxOffs></Signal></Port></Block><Port><Type No="1">Inport</Type><Position x="75.0" y="65.0"/><IsConnected>1</IsConnected><Source BlockIdentifier="&lt;Root&gt;/External.Setpoint" PortType="Outport" PortNo="1"/></Port><Port><Type No="1">Outport</Type><Position x="190.0" y="65.0"/><IsConnected>1</IsConnected><Line><Point x="190.0" y="65.0"/><Point x="230.0" y="65.0"/></Line><Signal Name="scale" Category="BlockIO" ReadOnly="TRUE"><Type GUID="{18071995-0000-0000-0000-00000000000E}">LREAL</Type><GlobalName>BlockIO.scale</GlobalName><AdsIdxOffs>#x950000d0</AdsIdxOffs></Signal></Port></Block><Block><Name>filter and scaling1</Name><Identifier>&lt;S4&gt;</Identifier><Type>SubSystem</Type><Position x="90.0" y="222.0" w="95.0" h="26.0"/><Block><Name>AnalogIn</Name><Identifier>&lt;S4&gt;/AnalogIn</Identifier><Type InstanceNo="1">Inport</Type><Position x="100.0" y="103.0" w="30.0" h="14.0"/><Port><Type No="1">Outport</Type><Position x="135.0" y="110.0"/><IsConnected>1</IsConnected><Line><Point x="135.0" y="110.0"/><Point x="210.0" y="110.0"/></Line></Port></Block><Block><Name>Transfer Fcn</Name><Identifier>&lt;S4&gt;/Transfer Fcn</Identifier><Type>TransferFcn</Type><Position x="325.0" y="92.0" w="60.0" h="36.0"/><Parameter Name="A" Category="Parameters" ReadOnly="TRUE"><Type GUID="{18071995-0000-0000-0000-00000000000E}">LREAL</Type><GlobalName>ModelParameters.TransferFcn_A_k</GlobalName><AdsIdxOffs>#xae000020</AdsIdxOffs></Parameter><Parameter Name="C" Category="Parameters" ReadOnly="TRUE"><Type GUID="{18071995-0000-0000-0000-00000000000E}">LREAL</Type><GlobalName>ModelParameters.TransferFcn_C_a</GlobalName><AdsIdxOffs>#xae000028</AdsIdxOffs></Parameter><Port><Type No="1">Inport</Type><Position x="310.0" y="110.0"/><IsConnected>1</IsConnected><Source BlockIdentifier="&lt;S4&gt;/conv_to_double1" PortType="Outport" PortNo="1"/><Signal Name="conv_to_double1_m" Category="BlockIO" ReadOnly="TRUE"><Type GUID="{18071995-0000-0000-0000-00000000000E}">LREAL</Type><GlobalName>BlockIO.conv_to_double1_m</GlobalName><AdsIdxOffs>#x950000c0</AdsIdxOffs></Signal></Port><Port><Type No="1">Outport</Type><Position x="390.0" y="110.0"/><IsConnected>1</IsConnected><Line><Point x="390.0" y="110.0"/><Point x="445.0" y="110.0"/></Line><Signal Name="TransferFcn_e" Category="BlockIO" ReadOnly="TRUE"><Type GUID="{18071995-0000-0000-0000-00000000000E}">LREAL</Type><GlobalName>BlockIO.TransferFcn_e</GlobalName><AdsIdxOffs>#x95000010</AdsIdxOffs></Signal></Port><State Name="State0" Category="Continuous States" ReadOnly="TRUE"><Type GUID="{18071995-0000-0000-0000-00000000000E}">LREAL</Type><GlobalName>ContState.TransferFcn_CSTATE_i</GlobalName><AdsIdxOffs>#x96000008</AdsIdxOffs></State></Block><Block><Name>conv_to_double1</Name><Identifier>&lt;S4&gt;/conv_to_double1</Identifier><Type>DataTypeConversion</Type><Position x="215.0" y="99.0" w="45.0" h="22.0"/><Port><Type No="1">Inport</Type><Position x="200.0" y="110.0"/><IsConnected>1</IsConnected><Source BlockIdentifier="&lt;S4&gt;/AnalogIn" PortType="Outport" PortNo="1"/></Port><Port><Type No="1">Outport</Type><Position x="265.0" y="110.0"/><IsConnected>1</IsConnected><Line><Point x="265.0" y="110.0"/><Point x="320.0" y="110.0"/></Line><Signal Name="conv_to_double1_m" Category="BlockIO" ReadOnly="TRUE"><Type GUID="{18071995-0000-0000-0000-00000000000E}">LREAL</Type><GlobalName>BlockIO.conv_to_double1_m</GlobalName><AdsIdxOffs>#x950000c0</AdsIdxOffs></Signal></Port></Block><Block><Name>scale</Name><Identifier>&lt;S4&gt;/scale</Identifier><Type>Gain</Type><Position x="450.0" y="94.0" w="40.0" h="32.0"/><Parameter Name="Gain" Category="Parameters" ReadOnly="TRUE"><Type GUID="{18071995-0000-0000-0000-00000000000E}">LREAL</Type><GlobalName>ModelParameters.scale_Gain_j</GlobalName><AdsIdxOffs>#xae000030</AdsIdxOffs></Parameter><Port><Type No="1">Inport</Type><Position x="435.0" y="110.0"/><IsConnected>1</IsConnected><Source BlockIdentifier="&lt;S4&gt;/Transfer Fcn" PortType="Outport" PortNo="1"/><Signal Name="TransferFcn_e" Category="BlockIO" ReadOnly="TRUE"><Type GUID="{18071995-0000-0000-0000-00000000000E}">LREAL</Type><GlobalName>BlockIO.TransferFcn_e</GlobalName><AdsIdxOffs>#x95000010</AdsIdxOffs></Signal></Port><Port><Type No="1">Outport</Type><Position x="495.0" y="110.0"/><IsConnected>1</IsConnected><Line><Point x="495.0" y="110.0"/><Point x="510.0" y="110.0"/></Line><Signal Name="current" Category="BlockIO" ReadOnly="TRUE"><Type GUID="{18071995-0000-0000-0000-00000000000E}">LREAL</Type><GlobalName>BlockIO.current</GlobalName><AdsIdxOffs>#x95000018</AdsIdxOffs></Signal></Port></Block><Block><Name>FloatOut</Name><Identifier>&lt;S4&gt;/FloatOut</Identifier><Type InstanceNo="1">Outport</Type><Position x="515.0" y="103.0" w="30.0" h="14.0"/><Port><Type No="1">Inport</Type><Position x="500.0" y="110.0"/><IsConnected>1</IsConnected><Source BlockIdentifier="&lt;S4&gt;/scale" PortType="Outport" PortNo="1"/><Signal Name="current" Category="BlockIO" ReadOnly="TRUE"><Type GUID="{18071995-0000-0000-0000-00000000000E}">LREAL</Type><GlobalName>BlockIO.current</GlobalName><AdsIdxOffs>#x95000018</AdsIdxOffs></Signal></Port></Block><Port><Type No="1">Inport</Type><Position x="75.0" y="235.0"/><IsConnected>1</IsConnected><Source BlockIdentifier="&lt;Root&gt;/FeedbackTemp" PortType="Outport" PortNo="1"/></Port><Port><Type No="1">Outport</Type><Position x="190.0" y="235.0"/><Name>current</Name><IsConnected>1</IsConnected><Line Name="current"><Point x="190.0" y="235.0"/><Point x="335.0" y="235.0"/><Point x="335.0" y="110.0"/></Line><Signal Name="current" Category="BlockIO" ReadOnly="TRUE"><Type GUID="{18071995-0000-0000-0000-00000000000E}">LREAL</Type><GlobalName>BlockIO.current</GlobalName><AdsIdxOffs>#x95000018</AdsIdxOffs></Signal></Port></Block><Block><Name>HeaterOn</Name><Identifier>&lt;Root&gt;/HeaterOn</Identifier><Type InstanceNo="1">Outport</Type><Position x="590.0" y="88.0" w="30.0" h="14.0"/><Port><Type No="1">Inport</Type><Position x="575.0" y="95.0"/><Name>heaterOn</Name><IsConnected>1</IsConnected><Source BlockIdentifier="&lt;S2&gt;" PortType="Outport" PortNo="1"/><Signal Name="comparator" Category="BlockIO" ReadOnly="TRUE"><Type GUID="{18071995-0000-0000-0000-000000000030}">BOOL</Type><GlobalName>BlockIO.comparator</GlobalName><AdsIdxOffs>#x950000d8</AdsIdxOffs></Signal></Port></Block><Block><Name>CoolerOn</Name><Identifier>&lt;Root&gt;/CoolerOn</Identifier><Type InstanceNo="2">Outport</Type><Position x="180.0" y="328.0" w="30.0" h="14.0"/><Port><Type No="1">Inport</Type><Position x="165.0" y="335.0"/><IsConnected>1</IsConnected><Source BlockIdentifier="&lt;Root&gt;/conv_to_bool" PortType="Outport" PortNo="1"/><Signal Name="conv_to_bool" Category="BlockIO" ReadOnly="TRUE"><Type GUID="{18071995-0000-0000-0000-000000000030}">BOOL</Type><GlobalName>BlockIO.conv_to_bool</GlobalName><AdsIdxOffs>#x950000dd</AdsIdxOffs></Signal></Port></Block><Annotation><Text> </Text><Position x="608.0" y="146.0"/><Alignment H="center" V="middle"/><FontName>auto</FontName><FontSize>-1.000000</FontSize><FontWeight>auto</FontWeight></Annotation><Annotation><Text>--------------- Areator control (open  loop control) ------------------------------------------------------------------------------------------</Text><Position x="330.0" y="305.0"/><Alignment H="center" V="middle"/><FontName>Arial</FontName><FontSize>12.000000</FontSize><FontWeight>bold</FontWeight></Annotation><Annotation><Text>--------------- Heater control (closed loop control) ------------------------------------------------------------------------------------------</Text><Position x="326.0" y="20.0"/><Alignment H="center" V="middle"/><FontName>Arial</FontName><FontSize>12.000000</FontSize><FontWeight>bold</FontWeight></Annotation><SubsystemHierarchy><Subsystem><ID>&lt;Root&gt;</ID></Subsystem><Subsystem><ID>&lt;S1&gt;</ID><Parent>&lt;Root&gt;</Parent></Subsystem><Subsystem><ID>&lt;S5&gt;</ID><Parent>&lt;S1&gt;</Parent></Subsystem><Subsystem><ID>&lt;S2&gt;</ID><Parent>&lt;Root&gt;</Parent></Subsystem><Subsystem><ID>&lt;S6&gt;</ID><Parent>&lt;S2&gt;</Parent></Subsystem><Subsystem><ID>&lt;S3&gt;</ID><Parent>&lt;Root&gt;</Parent></Subsystem><Subsystem><ID>&lt;S4&gt;</ID><Parent>&lt;Root&gt;</Parent></Subsystem></SubsystemHierarchy><DebugInfo><SourceFile><Name>TempContr.cpp</Name><Path>C:\Tc_Projects\Matlab\TemperatureController\TempContr_tct\TempContr.cpp</Path><CodeSection CommentStartLine="180" StartLine="181" EndLine="183" Method="CTempContr::TempContr_output"><Block>&lt;S3&gt;/Transfer Fcn</Block></CodeSection><CodeSection CommentStartLine="184" StartLine="188" EndLine="195" Method="CTempContr::TempContr_output"><Block>&lt;Root&gt;/Switch</Block><Block>&lt;Root&gt;/Internal Setpoint</Block><Block>&lt;Root&gt;/SelectExtSP</Block></CodeSection><CodeSection CommentStartLine="189" StartLine="190" EndLine="191" Method="CTempContr::TempContr_output"><Block>&lt;S3&gt;/scale</Block></CodeSection><CodeSection CommentStartLine="198" StartLine="199" EndLine="201" Method="CTempContr::TempContr_output"><Block>&lt;S4&gt;/Transfer Fcn</Block></CodeSection><CodeSection CommentStartLine="202" StartLine="203" EndLine="204" Method="CTempContr::TempContr_output"><Block>&lt;S4&gt;/scale</Block></CodeSection><CodeSection CommentStartLine="205" StartLine="206" EndLine="207" Method="CTempContr::TempContr_output"><Block>&lt;Root&gt;/Sum</Block></CodeSection><CodeSection CommentStartLine="208" StartLine="209" EndLine="211" Method="CTempContr::TempContr_output"><Block>&lt;S1&gt;/Proportional Gain</Block></CodeSection><CodeSection CommentStartLine="212" StartLine="213" EndLine="214" Method="CTempContr::TempContr_output"><Block>&lt;S1&gt;/Integrator</Block></CodeSection><CodeSection CommentStartLine="215" StartLine="216" EndLine="217" Method="CTempContr::TempContr_output"><Block>&lt;S1&gt;/Derivative Gain</Block></CodeSection><CodeSection CommentStartLine="218" StartLine="219" EndLine="220" Method="CTempContr::TempContr_output"><Block>&lt;S1&gt;/Filter</Block></CodeSection><CodeSection CommentStartLine="221" StartLine="222" EndLine="223" Method="CTempContr::TempContr_output"><Block>&lt;S1&gt;/SumD</Block></CodeSection><CodeSection CommentStartLine="224" StartLine="225" EndLine="227" Method="CTempContr::TempContr_output"><Block>&lt;S1&gt;/Filter Coefficient</Block></CodeSection><CodeSection CommentStartLine="228" StartLine="229" EndLine="231" Method="CTempContr::TempContr_output"><Block>&lt;S1&gt;/Sum</Block></CodeSection><CodeSection CommentStartLine="232" StartLine="233" EndLine="240" Method="CTempContr::TempContr_output"><Block>&lt;S1&gt;/Saturation</Block></CodeSection><CodeSection CommentStartLine="243" StartLine="244" EndLine="245" Method="CTempContr::TempContr_output"><Block>&lt;S6&gt;/Clock</Block></CodeSection><CodeSection CommentStartLine="246" StartLine="249" EndLine="250" Method="CTempContr::TempContr_output"><Block>&lt;S6&gt;/Sum</Block><Block>&lt;S6&gt;/startTime</Block></CodeSection><CodeSection CommentStartLine="251" StartLine="254" EndLine="256" Method="CTempContr::TempContr_output"><Block>&lt;S6&gt;/Math Function</Block><Block>&lt;S6&gt;/Constant</Block></CodeSection><CodeSection CommentStartLine="257" StartLine="258" EndLine="260" Method="CTempContr::TempContr_output"><Block>&lt;S6&gt;/Look-Up Table1</Block></CodeSection><CodeSection CommentStartLine="261" StartLine="262" EndLine="263" Method="CTempContr::TempContr_output"><Block>&lt;S2&gt;/comparator</Block></CodeSection><CodeSection CommentStartLine="264" StartLine="265" EndLine="266" Method="CTempContr::TempContr_output"><Block>&lt;Root&gt;/HeaterOn</Block></CodeSection><CodeSection CommentStartLine="267" StartLine="268" EndLine="269" Method="CTempContr::TempContr_output"><Block>&lt;S5&gt;/Gain</Block></CodeSection><CodeSection CommentStartLine="270" StartLine="271" EndLine="278" Method="CTempContr::TempContr_output"><Block>&lt;S5&gt;/DeadZone</Block></CodeSection><CodeSection CommentStartLine="281" StartLine="282" EndLine="283" Method="CTempContr::TempContr_output"><Block>&lt;S5&gt;/NotEqual</Block></CodeSection><CodeSection CommentStartLine="284" StartLine="285" EndLine="294" Method="CTempContr::TempContr_output"><Block>&lt;S5&gt;/SignPreSat</Block></CodeSection><CodeSection CommentStartLine="297" StartLine="298" EndLine="299" Method="CTempContr::TempContr_output"><Block>&lt;S1&gt;/Integral Gain</Block></CodeSection><CodeSection CommentStartLine="300" StartLine="301" EndLine="310" Method="CTempContr::TempContr_output"><Block>&lt;S5&gt;/SignPreIntegrator</Block></CodeSection><CodeSection CommentStartLine="313" StartLine="314" EndLine="315" Method="CTempContr::TempContr_output"><Block>&lt;S5&gt;/Equal</Block></CodeSection><CodeSection CommentStartLine="316" StartLine="317" EndLine="322" Method="CTempContr::TempContr_output"><Block>&lt;S5&gt;/AND</Block></CodeSection><CodeSection CommentStartLine="319" StartLine="320" EndLine="320" Method="CTempContr::TempContr_output"><Block>&lt;S5&gt;/Memory</Block></CodeSection><CodeSection CommentStartLine="323" StartLine="326" EndLine="331" Method="CTempContr::TempContr_output"><Block>&lt;S1&gt;/Switch</Block><Block>&lt;S1&gt;/Constant</Block></CodeSection><CodeSection CommentStartLine="334" StartLine="337" EndLine="338" Method="CTempContr::TempContr_output"><Block>&lt;S3&gt;/conv_to_double1</Block><Block>&lt;Root&gt;/External.Setpoint</Block></CodeSection><CodeSection CommentStartLine="339" StartLine="342" EndLine="362" Method="CTempContr::TempContr_output"><Block>&lt;S4&gt;/conv_to_double1</Block><Block>&lt;Root&gt;/FeedbackTemp</Block></CodeSection><CodeSection CommentStartLine="344" StartLine="345" EndLine="354" Method="CTempContr::TempContr_output"><Block>&lt;Root&gt;/Pulse Generator</Block></CodeSection><CodeSection CommentStartLine="357" StartLine="358" EndLine="359" Method="CTempContr::TempContr_output"><Block>&lt;Root&gt;/conv_to_bool</Block></CodeSection><CodeSection CommentStartLine="360" StartLine="361" EndLine="361" Method="CTempContr::TempContr_output"><Block>&lt;Root&gt;/CoolerOn</Block></CodeSection><CodeSection CommentStartLine="369" StartLine="370" EndLine="370" Method="CTempContr::TempContr_update"><Block>&lt;S5&gt;/Memory</Block></CodeSection><CodeSection CommentStartLine="418" StartLine="419" EndLine="425" Method="CTempContr::TempContr_derivatives"><Block>&lt;S3&gt;/Transfer Fcn</Block></CodeSection><CodeSection CommentStartLine="426" StartLine="427" EndLine="433" Method="CTempContr::TempContr_derivatives"><Block>&lt;S4&gt;/Transfer Fcn</Block></CodeSection><CodeSection CommentStartLine="434" StartLine="435" EndLine="436" Method="CTempContr::TempContr_derivatives"><Block>&lt;S1&gt;/Integrator</Block></CodeSection><CodeSection CommentStartLine="437" StartLine="438" EndLine="438" Method="CTempContr::TempContr_derivatives"><Block>&lt;S1&gt;/Filter</Block></CodeSection><CodeSection CommentStartLine="444" StartLine="445" EndLine="446" Method="CTempContr::TempContr_initialize"><Block>&lt;Root&gt;/Pulse Generator</Block></CodeSection><CodeSection CommentStartLine="447" StartLine="448" EndLine="449" Method="CTempContr::TempContr_initialize"><Block>&lt;S3&gt;/Transfer Fcn</Block></CodeSection><CodeSection CommentStartLine="450" StartLine="451" EndLine="452" Method="CTempContr::TempContr_initialize"><Block>&lt;S4&gt;/Transfer Fcn</Block></CodeSection><CodeSection CommentStartLine="453" StartLine="454" EndLine="455" Method="CTempContr::TempContr_initialize"><Block>&lt;S1&gt;/Integrator</Block></CodeSection><CodeSection CommentStartLine="456" StartLine="457" EndLine="458" Method="CTempContr::TempContr_initialize"><Block>&lt;S1&gt;/Filter</Block></CodeSection><CodeSection CommentStartLine="459" StartLine="460" EndLine="460" Method="CTempContr::TempContr_initialize"><Block>&lt;S5&gt;/Memory</Block></CodeSection></SourceFile><Variable><Name>Input</Name><Expression>this.m_Input</Expression></Variable><Variable><Name>Output</Name><Expression>this.m_Output</Expression></Variable><Variable><Name>DWork</Name><Expression>this.m_DWork</Expression></Variable><Variable><Name>BlockIO</Name><Expression>this.m_BlockIO</Expression></Variable><Variable><Name>ContState</Name><Expression>this.m_ContState</Expression></Variable><Variable><Name>Xdot</Name><Expression>this.m_Xdot</Expression></Variable><Variable><Name>Xdis</Name><Expression>this.m_Xdis</Expression></Variable><Variable><Name>SimStruct</Name><Expression>this.m_SimStruct</Expression></Variable><Variable><Name>MdlRefTimingBridge</Name><Expression>this.m_MdlRefTimingBridge</Expression></Variable><Variable><Name>CallBy</Name><Expression>this.CTcMatSimModuleBase.m_CallBy</Expression></Variable><Variable><Name>ExecutionSequence</Name><Expression>this.CTcMatSimModuleBase.m_ExecutionSequence</Expression></Variable><Variable><Name>StepSize</Name><Expression>this.CTcMatSimModuleBase.m_StepSize</Expression></Variable><Variable><Name>ModuleExecutionInfo</Name><Expression>this.m_ModuleExecutionInfo</Expression></Variable><Variable><Name>ExtModeServerVersion</Name><Expression>m_ExtModeServerVersion</Expression></Variable><Variable><Name>ExtModeStatus</Name><Expression>m_ExtModeStatus</Expression></Variable><Variable><Name>ExtModeParameters</Name><Expression>m_ExtModeParameters</Expression></Variable><Variable><Name>ModuleInfo</Name><Expression>this.m_ModuleInfo</Expression></Variable><Variable><Name>ModuleBuildInfo</Name><Expression>this.m_ModuleBuildInfo</Expression></Variable><Variable><Name>ModelParameters</Name><Expression>this.m_ModelParameters</Expression></Variable><Variable><Name>ContextInfoArr</Name><Expression>m_ContextInfoArr</Expression></Variable><Variable><Name>m_TempContr_75_rt_ExtModeInfo</Name><Expression>this.m_TempContr_75_rt_ExtModeInfo</Expression></Variable><Variable><Name>m_TempContr_125_dtInfo</Name><Expression>this.m_TempContr_125_dtInfo</Expression></Variable></DebugInfo></BlockDiagram><ModuleParameters><Parameter StartupValueAccess="WRITE"><Name>CallBy</Name><Category>Module parameters</Category></Parameter><Parameter StartupValueAccess="WRITE"><Name>ExecutionSequence</Name><Category>Module parameters</Category></Parameter><Parameter StartupValueAccess="WRITE"><Name>StepSize</Name><Category>Module parameters</Category></Parameter><Parameter OnlineValueAccess="READONLY"><Name>ModuleExecutionInfo</Name><Category>Monitoring</Category></Parameter><Parameter OnlineValueAccess="READONLY"><Name>ExtModeServerVersion</Name><Category>External Mode</Category></Parameter><Parameter OnlineValueAccess="READONLY"><Name>ExtModeStatus</Name><Category>External Mode</Category></Parameter><Parameter StartupValueAccess="READONLY" OnlineValueAccess="READONLY"><Name>ExtModeParameters</Name><Category>External Mode</Category><SubItem StartupValueAccess="WRITE"><Name>.ConnectionTimeout</Name></SubItem><SubItem StartupValueAccess="WRITE"><Name>.InitIncomingPktBufferSize</Name></SubItem><SubItem StartupValueAccess="WRITE"><Name>.InitOutgoingPktBufferSize</Name></SubItem><SubItem StartupValueAccess="WRITE"><Name>.Activated</Name></SubItem><SubItem StartupValueAccess="WRITE"><Name>.AllowExecutionCommands</Name></SubItem><SubItem StartupValueAccess="WRITE"><Name>.WaitForStartCommand</Name></SubItem><SubItem StartupValueAccess="WRITE"><Name>.AllowParameterChange</Name></SubItem></Parameter><Parameter DefaultValueAccess="READONLY"><Name>ModuleInfo</Name><Category>Module identification</Category></Parameter><Parameter OnlineValueAccess="READONLY"><Name>ModuleBuildInfo</Name><Category>Module identification</Category></Parameter></ModuleParameters></ModuleInfo></TctGeneratedModules>
