<?xml version="1.0" encoding="UTF-8"?><?xml-stylesheet type='text/xsl' href='_UpgradeReport_Files/UpgradeReport.xslt'?><UpgradeLog>
<Properties><Property Name="Solution" Value="TC3_MachineTypeC">
</Property><Property Name="Solution File" Value="C:\tmp\MesseProjekte\TC3_MachineTypeC\TC3_MachineTypeC\TC3_MachineTypeC.sln">
</Property><Property Name="Date" Value="Montag, 12. November 2012">
</Property><Property Name="Time" Value="11:15">
</Property></Properties><Event ErrorLevel="3" Project="C:\tmp\MesseProjekte\TC3_MachineTypeC\TC3_MachineTypeC\TC3_IEC_OOP_Sample\TC3_MachineTypeC.tsp" Source="TC3_IEC_OOP_Sample\TC3_MachineTypeC.tsp" Description="Converted">
</Event><Event ErrorLevel="0" Project="" Source="TC3_MachineTypeC.sln" Description="The solution file does not require conversion.">
</Event><Event ErrorLevel="3" Project="" Source="TC3_MachineTypeC.sln" Description="No Conversion Required">
</Event></UpgradeLog>